<?xml version="1.0" encoding="UTF-8"?>
<project-private xmlns="http://www.netbeans.org/ns/project-private/1">
    <open-files xmlns="http://www.netbeans.org/ns/projectui-open-files/2">
        <group>
            <file>file:/C:/Users/Usuario/Dropbox/Mi%20PC%20(DESKTOP-9S4QS80)/Desktop/ProyectoZoo-28-09-21v02/src/Interfaces/Registros_ProductosAlimenticios.java</file>
            <file>file:/C:/Users/Usuario/Dropbox/Mi%20PC%20(DESKTOP-9S4QS80)/Desktop/ProyectoZoo-28-09-21v02/src/Interfaces/Registros_ProductosMedicina.java</file>
            <file>file:/C:/Users/Usuario/Dropbox/Mi%20PC%20(DESKTOP-9S4QS80)/Desktop/ProyectoZoo-28-09-21v02/src/Interfaces/Registros_ProductosLimpieza.java</file>
        </group>
    </open-files>
</project-private>
